{
	"Omnifonte_1" : 	{
		"angle" : -152.525568373722848,
		"distance" : 1.850675552332175,
		"position" : 		{
			"x" : -1.25,
			"y" : -0.65,
			"z" : 1.2
		}
,
		"rotation" : 		{
			"x" : 0,
			"y" : 0,
			"z" : 0
		}
,
		"scale" : 		{
			"x" : 0.25,
			"y" : 0.25,
			"z" : 0.24
		}

	}
,
	"Omnifonte_2" : 	{
		"angle" : -30.650667957052868,
		"distance" : 1.975474626513841,
		"position" : 		{
			"x" : 1.35,
			"y" : -0.8,
			"z" : 1.2
		}
,
		"rotation" : 		{
			"x" : 0,
			"y" : 0,
			"z" : 0
		}
,
		"scale" : 		{
			"x" : 0.25,
			"y" : 0.25,
			"z" : 0.24
		}

	}

}
