{
	"Altoparlante_1" : 	{
		"position" : 		{
			"x" : -0.95,
			"y" : -0.95,
			"z" : 1.2
		}
,
		"rotation" : 		{
			"x" : 0,
			"y" : 0,
			"z" : 0
		}
,
		"scale" : 		{
			"x" : 0.045,
			"y" : 0.045,
			"z" : 0.045
		}

	}
,
	"Altoparlante_2" : 	{
		"position" : 		{
			"x" : 0.95,
			"y" : -0.95,
			"z" : 1.2
		}
,
		"rotation" : 		{
			"x" : 0,
			"y" : 0,
			"z" : 0
		}
,
		"scale" : 		{
			"x" : 0.045,
			"y" : 0.045,
			"z" : 0.045
		}

	}
,
	"Altoparlante_3" : 	{
		"position" : 		{
			"x" : -0.95,
			"y" : 0.95,
			"z" : 1.2
		}
,
		"rotation" : 		{
			"x" : -3.141592653589793,
			"y" : -3.141592653589793,
			"z" : 0.0
		}
,
		"scale" : 		{
			"x" : 0.045,
			"y" : 0.045,
			"z" : 0.045
		}

	}
,
	"Altoparlante_4" : 	{
		"position" : 		{
			"x" : 0.95,
			"y" : 0.95,
			"z" : 1.2
		}
,
		"rotation" : 		{
			"x" : -3.141592653589793,
			"y" : -3.141592653589793,
			"z" : 0.0
		}
,
		"scale" : 		{
			"x" : 0.045,
			"y" : 0.045,
			"z" : 0.045
		}

	}

}
