{
	"Omnifonte_1" : 	{
		"angle" : 150.708637829015743,
		"distance" : 2.63912864407933,
		"position" : 		{
			"x" : -2.05,
			"y" : 1.15,
			"z" : 1.2
		}
,
		"rotation" : 		{
			"x" : 0,
			"y" : 0,
			"z" : 0
		}
,
		"scale" : 		{
			"x" : 0.25,
			"y" : 0.25,
			"z" : 0.24
		}

	}
,
	"Omnifonte_2" : 	{
		"angle" : -37.998732442504668,
		"distance" : 2.358495283014151,
		"position" : 		{
			"x" : 1.6,
			"y" : -1.25,
			"z" : 1.2
		}
,
		"rotation" : 		{
			"x" : 0,
			"y" : 0,
			"z" : 0
		}
,
		"scale" : 		{
			"x" : 0.25,
			"y" : 0.25,
			"z" : 0.24
		}

	}

}
