{
	"Altoparlante_1" : 	{
		"position" : 		{
			"x" : 0,
			"y" : -1.55,
			"z" : 1.2
		}
,
		"rotation" : 		{
			"x" : 0,
			"y" : 0,
			"z" : 0
		}
,
		"scale" : 		{
			"x" : 0.045,
			"y" : 0.045,
			"z" : 0.045
		}

	}
,
	"Altoparlante_10" : 	{
		"position" : 		{
			"x" : 0,
			"y" : 2.5,
			"z" : 1.75
		}
,
		"rotation" : 		{
			"x" : 2.879793265790644,
			"y" : 3.141592653589793,
			"z" : 0.0
		}
,
		"scale" : 		{
			"x" : 0.045,
			"y" : 0.045,
			"z" : 0.045
		}

	}
,
	"Altoparlante_11" : 	{
		"position" : 		{
			"x" : -2.5,
			"y" : 0,
			"z" : 1.75
		}
,
		"rotation" : 		{
			"x" : 1.570796326794896,
			"y" : -1.570796326794896,
			"z" : 1.308996938995747
		}
,
		"scale" : 		{
			"x" : 0.045,
			"y" : 0.045,
			"z" : 0.045
		}

	}
,
	"Altoparlante_12" : 	{
		"position" : 		{
			"x" : 2.55,
			"y" : 0,
			"z" : 1.75
		}
,
		"rotation" : 		{
			"x" : 1.570796326794896,
			"y" : 1.570796326794896,
			"z" : -1.308996938995747
		}
,
		"scale" : 		{
			"x" : 0.045,
			"y" : 0.045,
			"z" : 0.045
		}

	}
,
	"Altoparlante_2" : 	{
		"position" : 		{
			"x" : 0,
			"y" : 1.55,
			"z" : 1.2
		}
,
		"rotation" : 		{
			"x" : 3.141592653589793,
			"y" : 3.141592653589793,
			"z" : -0.0
		}
,
		"scale" : 		{
			"x" : 0.045,
			"y" : 0.045,
			"z" : 0.045
		}

	}
,
	"Altoparlante_3" : 	{
		"position" : 		{
			"x" : -1.55,
			"y" : 0,
			"z" : 1.2
		}
,
		"rotation" : 		{
			"x" : 0,
			"y" : 0,
			"z" : 1.570796326794897
		}
,
		"scale" : 		{
			"x" : 0.045,
			"y" : 0.045,
			"z" : 0.045
		}

	}
,
	"Altoparlante_4" : 	{
		"position" : 		{
			"x" : 1.6,
			"y" : 0,
			"z" : 1.2
		}
,
		"rotation" : 		{
			"x" : 0,
			"y" : 0,
			"z" : -1.570796326794897
		}
,
		"scale" : 		{
			"x" : 0.045,
			"y" : 0.045,
			"z" : 0.045
		}

	}
,
	"Altoparlante_5" : 	{
		"position" : 		{
			"x" : -1.1,
			"y" : -1.1,
			"z" : 1.2
		}
,
		"rotation" : 		{
			"x" : 0,
			"y" : 0,
			"z" : 0.785398163397448
		}
,
		"scale" : 		{
			"x" : 0.045,
			"y" : 0.045,
			"z" : 0.045
		}

	}
,
	"Altoparlante_6" : 	{
		"position" : 		{
			"x" : 1.15,
			"y" : -1.1,
			"z" : 1.2
		}
,
		"rotation" : 		{
			"x" : 0,
			"y" : 0,
			"z" : -0.785398163397448
		}
,
		"scale" : 		{
			"x" : 0.045,
			"y" : 0.045,
			"z" : 0.045
		}

	}
,
	"Altoparlante_7" : 	{
		"position" : 		{
			"x" : -1.05,
			"y" : 1,
			"z" : 1.2
		}
,
		"rotation" : 		{
			"x" : -3.141592653589793,
			"y" : -3.141592653589793,
			"z" : 0.785398163397449
		}
,
		"scale" : 		{
			"x" : 0.045,
			"y" : 0.045,
			"z" : 0.045
		}

	}
,
	"Altoparlante_8" : 	{
		"position" : 		{
			"x" : 1.1,
			"y" : 1,
			"z" : 1.2
		}
,
		"rotation" : 		{
			"x" : 3.141592653589793,
			"y" : 3.141592653589793,
			"z" : -1.047197551196598
		}
,
		"scale" : 		{
			"x" : 0.045,
			"y" : 0.045,
			"z" : 0.045
		}

	}
,
	"Altoparlante_9" : 	{
		"position" : 		{
			"x" : 0,
			"y" : -2.5,
			"z" : 1.75
		}
,
		"rotation" : 		{
			"x" : 0.261799387799149,
			"y" : -0.0,
			"z" : 0
		}
,
		"scale" : 		{
			"x" : 0.045,
			"y" : 0.045,
			"z" : 0.045
		}

	}

}
