{
  "Altoparlante_1": {
    "position": {
      "x": -1.2000000000000002,
      "y": -1.55,
      "z": 1.2
    },
    "rotation": {
      "x": 0,
      "y": 0,
      "z": 0.7853981633974484
    },
    "scale": {
      "x": 0.045,
      "y": 0.045,
      "z": 0.045
    }
  },
  "Altoparlante_2": {
    "position": {
      "x": 0,
      "y": -1.55,
      "z": 1.2
    },
    "rotation": {
      "x": 0,
      "y": 0,
      "z": 0
    },
    "scale": {
      "x": 0.045,
      "y": 0.045,
      "z": 0.045
    }
  },
  "Altoparlante_3": {
    "position": {
      "x": 1.2000000000000002,
      "y": -1.55,
      "z": 1.2
    },
    "rotation": {
      "x": 0,
      "y": 0,
      "z": -0.7853981633974484
    },
    "scale": {
      "x": 0.045,
      "y": 0.045,
      "z": 0.045
    }
  },
  "Altoparlante_4": {
    "position": {
      "x": 1.2000000000000002,
      "y": -0.35000000000000003,
      "z": 1.2
    },
    "rotation": {
      "x": 0,
      "y": 0,
      "z": -1.5707963267948966
    },
    "scale": {
      "x": 0.045,
      "y": 0.045,
      "z": 0.045
    }
  },
  "Altoparlante_5": {
    "position": {
      "x": 1.2000000000000002,
      "y": 0.8500000000000001,
      "z": 1.2
    },
    "rotation": {
      "x": 3.141592653589793,
      "y": 3.141592653589793,
      "z": -0.5235987755982993
    },
    "scale": {
      "x": 0.045,
      "y": 0.045,
      "z": 0.045
    }
  },
  "Altoparlante_6": {
    "position": {
      "x": 0,
      "y": 0.8500000000000001,
      "z": 1.2
    },
    "rotation": {
      "x": 3.141592653589793,
      "y": 3.141592653589793,
      "z": -1.2246467991473532e-16
    },
    "scale": {
      "x": 0.045,
      "y": 0.045,
      "z": 0.045
    }
  },
  "Altoparlante_7": {
    "position": {
      "x": -1.2000000000000002,
      "y": 0.8500000000000001,
      "z": 1.2
    },
    "rotation": {
      "x": -3.141592653589793,
      "y": -3.141592653589793,
      "z": 0.5235987755982993
    },
    "scale": {
      "x": 0.045,
      "y": 0.045,
      "z": 0.045
    }
  },
  "Altoparlante_8": {
    "position": {
      "x": -1.2000000000000002,
      "y": -0.35000000000000003,
      "z": 1.2
    },
    "rotation": {
      "x": 0,
      "y": 0,
      "z": 1.5707963267948966
    },
    "scale": {
      "x": 0.045,
      "y": 0.045,
      "z": 0.045
    }
  },
  "Altoparlante_9": {
    "position": {
      "x": -0.55,
      "y": -0.9,
      "z": 1.8
    },
    "rotation": {
      "x": 1.5707963267948963,
      "y": 0,
      "z": 0
    },
    "scale": {
      "x": 0.045,
      "y": 0.045,
      "z": 0.045
    }
  },
  "Altoparlante_10": {
    "position": {
      "x": 0.65,
      "y": -0.9,
      "z": 1.8
    },
    "rotation": {
      "x": 1.5707963267948963,
      "y": 0,
      "z": 0
    },
    "scale": {
      "x": 0.045,
      "y": 0.045,
      "z": 0.045
    }
  },
  "Altoparlante_11": {
    "position": {
      "x": 0.65,
      "y": 0.35000000000000003,
      "z": 1.8
    },
    "rotation": {
      "x": 1.5707963267948963,
      "y": 0,
      "z": 0
    },
    "scale": {
      "x": 0.045,
      "y": 0.045,
      "z": 0.045
    }
  },
  "Altoparlante_12": {
    "position": {
      "x": -0.55,
      "y": 0.35000000000000003,
      "z": 1.8
    },
    "rotation": {
      "x": 1.5707963267948963,
      "y": 0,
      "z": 0
    },
    "scale": {
      "x": 0.045,
      "y": 0.045,
      "z": 0.045
    }
  }
}