{
  "Omnifonte_1": {
    "position": {
      "x": 3.35,
      "y": -1.75,
      "z": 1.4500000000000002
    },
    "rotation": {
      "x": 0,
      "y": 0,
      "z": 0
    },
    "scale": {
      "x": 0.25,
      "y": 0.25,
      "z": 0.24
    }
  },
  "Omnifonte_2": {
    "position": {
      "x": 1.1,
      "y": 0.30000000000000004,
      "z": 1.6
    },
    "rotation": {
      "x": 0,
      "y": 0,
      "z": 0
    },
    "scale": {
      "x": 0.25,
      "y": 0.25,
      "z": 0.24
    }
  },
  "Omnifonte_3": {
    "position": {
      "x": -2.5,
      "y": 1.8,
      "z": 0.8500000000000001
    },
    "rotation": {
      "x": 0,
      "y": 0,
      "z": 0
    },
    "scale": {
      "x": 0.25,
      "y": 0.25,
      "z": 0.24
    }
  },
  "Omnifonte_4": {
    "position": {
      "x": 2.4000000000000004,
      "y": 2.25,
      "z": 0.8
    },
    "rotation": {
      "x": 0,
      "y": 0,
      "z": 0
    },
    "scale": {
      "x": 0.25,
      "y": 0.25,
      "z": 0.24
    }
  },
  "Omnifonte_5": {
    "position": {
      "x": -2.9000000000000004,
      "y": 0.4,
      "z": 2.3
    },
    "rotation": {
      "x": 0,
      "y": 0,
      "z": 0
    },
    "scale": {
      "x": 0.25,
      "y": 0.25,
      "z": 0.24
    }
  },
  "Omnifonte_6": {
    "position": {
      "x": -2.5500000000000003,
      "y": -1.75,
      "z": 1.2
    },
    "rotation": {
      "x": 0,
      "y": 0,
      "z": 0
    },
    "scale": {
      "x": 0.25,
      "y": 0.25,
      "z": 0.24
    }
  },
  "Omnifonte_7": {
    "position": {
      "x": 2.8000000000000003,
      "y": -1.05,
      "z": 0.65
    },
    "rotation": {
      "x": 0,
      "y": 0,
      "z": 0
    },
    "scale": {
      "x": 0.25,
      "y": 0.25,
      "z": 0.24
    }
  },
  "Omnifonte_8": {
    "position": {
      "x": 0.9,
      "y": -1.5,
      "z": 1.7000000000000002
    },
    "rotation": {
      "x": 0,
      "y": 0,
      "z": 0
    },
    "scale": {
      "x": 0.25,
      "y": 0.25,
      "z": 0.24
    }
  },
  "Omnifonte_9": {
    "position": {
      "x": 1.8,
      "y": -2.75,
      "z": 2.3000000000000003
    },
    "rotation": {
      "x": 0,
      "y": 0,
      "z": 0
    },
    "scale": {
      "x": 0.25,
      "y": 0.25,
      "z": 0.24
    }
  },
  "Omnifonte_10": {
    "position": {
      "x": -1.55,
      "y": -2.8000000000000003,
      "z": 1.2
    },
    "rotation": {
      "x": 0,
      "y": 0,
      "z": 0
    },
    "scale": {
      "x": 0.25,
      "y": 0.25,
      "z": 0.24
    }
  },
  "Omnifonte_11": {
    "position": {
      "x": 2.1,
      "y": -2.6500000000000004,
      "z": 2.25
    },
    "rotation": {
      "x": 0,
      "y": 0,
      "z": 0
    },
    "scale": {
      "x": 0.25,
      "y": 0.25,
      "z": 0.24
    }
  },
  "Omnifonte_12": {
    "position": {
      "x": 1.7000000000000002,
      "y": -2.95,
      "z": 2.5
    },
    "rotation": {
      "x": 0,
      "y": 0,
      "z": 0
    },
    "scale": {
      "x": 0.25,
      "y": 0.25,
      "z": 0.24
    }
  },
  "Omnifonte_13": {
    "position": {
      "x": -1.05,
      "y": -0.75,
      "z": 1.6500000000000001
    },
    "rotation": {
      "x": 0,
      "y": 0,
      "z": 0
    },
    "scale": {
      "x": 0.25,
      "y": 0.25,
      "z": 0.24
    }
  },
  "Omnifonte_14": {
    "position": {
      "x": 2.35,
      "y": -0.35000000000000003,
      "z": 1.2000000000000002
    },
    "rotation": {
      "x": 0,
      "y": 0,
      "z": 0
    },
    "scale": {
      "x": 0.25,
      "y": 0.25,
      "z": 0.24
    }
  },
  "Omnifonte_15": {
    "position": {
      "x": 3.5500000000000003,
      "y": -0.05,
      "z": 2.6
    },
    "rotation": {
      "x": 0,
      "y": 0,
      "z": 0
    },
    "scale": {
      "x": 0.25,
      "y": 0.25,
      "z": 0.24
    }
  },
  "Omnifonte_16": {
    "position": {
      "x": -1.3,
      "y": 3.5500000000000003,
      "z": 2.1
    },
    "rotation": {
      "x": 0,
      "y": 0,
      "z": 0
    },
    "scale": {
      "x": 0.25,
      "y": 0.25,
      "z": 0.24
    }
  },
  "Omnifonte_17": {
    "position": {
      "x": -2.6,
      "y": -4,
      "z": 1.4500000000000002
    },
    "rotation": {
      "x": 0,
      "y": 0,
      "z": 0
    },
    "scale": {
      "x": 0.25,
      "y": 0.25,
      "z": 0.24
    }
  },
  "Omnifonte_18": {
    "position": {
      "x": 0.7000000000000001,
      "y": -4.25,
      "z": 1.4500000000000002
    },
    "rotation": {
      "x": 0,
      "y": 0,
      "z": 0
    },
    "scale": {
      "x": 0.25,
      "y": 0.25,
      "z": 0.24
    }
  },
  "Omnifonte_19": {
    "position": {
      "x": 1.9500000000000002,
      "y": -3.2,
      "z": 2.95
    },
    "rotation": {
      "x": 0,
      "y": 0,
      "z": 0
    },
    "scale": {
      "x": 0.25,
      "y": 0.25,
      "z": 0.24
    }
  },
  "Omnifonte_20": {
    "position": {
      "x": 2.35,
      "y": 3.3000000000000003,
      "z": 1.6
    },
    "rotation": {
      "x": 0,
      "y": 0,
      "z": 0
    },
    "scale": {
      "x": 0.25,
      "y": 0.25,
      "z": 0.24
    }
  },
  "Omnifonte_21": {
    "position": {
      "x": -3.2,
      "y": -2.75,
      "z": 2.3
    },
    "rotation": {
      "x": 0,
      "y": 0,
      "z": 0
    },
    "scale": {
      "x": 0.25,
      "y": 0.25,
      "z": 0.24
    }
  },
  "Omnifonte_22": {
    "position": {
      "x": 2.1,
      "y": -2.95,
      "z": 2.75
    },
    "rotation": {
      "x": 0,
      "y": 0,
      "z": 0
    },
    "scale": {
      "x": 0.25,
      "y": 0.25,
      "z": 0.24
    }
  },
  "Omnifonte_23": {
    "position": {
      "x": 2.35,
      "y": -3.1,
      "z": 2.8000000000000003
    },
    "rotation": {
      "x": 0,
      "y": 0,
      "z": 0
    },
    "scale": {
      "x": 0.25,
      "y": 0.25,
      "z": 0.24
    }
  },
  "Omnifonte_24": {
    "position": {
      "x": 2.1500000000000004,
      "y": -2.95,
      "z": 3.1500000000000004
    },
    "rotation": {
      "x": 0,
      "y": 0,
      "z": 0
    },
    "scale": {
      "x": 0.25,
      "y": 0.25,
      "z": 0.24
    }
  }
}
