{
  "Altoparlante_1": {
    "position": {
      "x": -1.55,
      "y": -2.2,
      "z": 1.2
    },
    "rotation": {
      "x": 0,
      "y": 0,
      "z": 0.7853981633974484
    },
    "scale": {
      "x": 0.045,
      "y": 0.045,
      "z": 0.045
    }
  },
  "Altoparlante_2": {
    "position": {
      "x": -0.55,
      "y": -2.2,
      "z": 1.2
    },
    "rotation": {
      "x": 0,
      "y": 0,
      "z": 0
    },
    "scale": {
      "x": 0.045,
      "y": 0.045,
      "z": 0.045
    }
  },
  "Altoparlante_3": {
    "position": {
      "x": 0.45,
      "y": -2.2,
      "z": 1.2
    },
    "rotation": {
      "x": 0,
      "y": 0,
      "z": 0
    },
    "scale": {
      "x": 0.045,
      "y": 0.045,
      "z": 0.045
    }
  },
  "Altoparlante_4": {
    "position": {
      "x": 1.4500000000000002,
      "y": -2.2,
      "z": 1.2
    },
    "rotation": {
      "x": 0,
      "y": 0,
      "z": -0.7853981633974484
    },
    "scale": {
      "x": 0.045,
      "y": 0.045,
      "z": 0.045
    }
  },
  "Altoparlante_5": {
    "position": {
      "x": -1.55,
      "y": -1.2000000000000002,
      "z": 1.2
    },
    "rotation": {
      "x": 0,
      "y": 0,
      "z": 1.5707963267948966
    },
    "scale": {
      "x": 0.045,
      "y": 0.045,
      "z": 0.045
    }
  },
  "Altoparlante_6": {
    "position": {
      "x": -1.55,
      "y": -0.2,
      "z": 1.2
    },
    "rotation": {
      "x": 0,
      "y": 0,
      "z": 1.5707963267948966
    },
    "scale": {
      "x": 0.045,
      "y": 0.045,
      "z": 0.045
    }
  },
  "Altoparlante_7": {
    "position": {
      "x": -1.55,
      "y": 0.8,
      "z": 1.2
    },
    "rotation": {
      "x": 0,
      "y": 0,
      "z": 1.5707963267948966
    },
    "scale": {
      "x": 0.045,
      "y": 0.045,
      "z": 0.045
    }
  },
  "Altoparlante_8": {
    "position": {
      "x": -1.55,
      "y": 1.8,
      "z": 1.2
    },
    "rotation": {
      "x": 0,
      "y": 0,
      "z": 1.5707963267948966
    },
    "scale": {
      "x": 0.045,
      "y": 0.045,
      "z": 0.045
    }
  },
  "Altoparlante_9": {
    "position": {
      "x": -1.55,
      "y": 2.8000000000000003,
      "z": 1.2
    },
    "rotation": {
      "x": -3.141592653589793,
      "y": -3.141592653589793,
      "z": 0.7853981633974485
    },
    "scale": {
      "x": 0.045,
      "y": 0.045,
      "z": 0.045
    }
  },
  "Altoparlante_10": {
    "position": {
      "x": -0.55,
      "y": 2.8000000000000003,
      "z": 1.2
    },
    "rotation": {
      "x": 3.141592653589793,
      "y": 3.141592653589793,
      "z": -1.2246467991473532e-16
    },
    "scale": {
      "x": 0.045,
      "y": 0.045,
      "z": 0.045
    }
  },
  "Altoparlante_11": {
    "position": {
      "x": 0.45,
      "y": 2.8000000000000003,
      "z": 1.2
    },
    "rotation": {
      "x": 3.141592653589793,
      "y": 3.141592653589793,
      "z": -1.2246467991473532e-16
    },
    "scale": {
      "x": 0.045,
      "y": 0.045,
      "z": 0.045
    }
  },
  "Altoparlante_12": {
    "position": {
      "x": 1.4500000000000002,
      "y": 2.8000000000000003,
      "z": 1.2
    },
    "rotation": {
      "x": 3.141592653589793,
      "y": 3.141592653589793,
      "z": -0.7853981633974485
    },
    "scale": {
      "x": 0.045,
      "y": 0.045,
      "z": 0.045
    }
  },
  "Altoparlante_13": {
    "position": {
      "x": 1.4500000000000002,
      "y": 1.8,
      "z": 1.2
    },
    "rotation": {
      "x": 0,
      "y": 0,
      "z": -1.5707963267948966
    },
    "scale": {
      "x": 0.045,
      "y": 0.045,
      "z": 0.045
    }
  },
  "Altoparlante_14": {
    "position": {
      "x": 1.4500000000000002,
      "y": 0.8,
      "z": 1.2
    },
    "rotation": {
      "x": 0,
      "y": 0,
      "z": -1.5707963267948966
    },
    "scale": {
      "x": 0.045,
      "y": 0.045,
      "z": 0.045
    }
  },
  "Altoparlante_15": {
    "position": {
      "x": 1.4500000000000002,
      "y": -0.2,
      "z": 1.2
    },
    "rotation": {
      "x": 0,
      "y": 0,
      "z": -1.5707963267948966
    },
    "scale": {
      "x": 0.045,
      "y": 0.045,
      "z": 0.045
    }
  },
  "Altoparlante_16": {
    "position": {
      "x": 1.4500000000000002,
      "y": -1.2000000000000002,
      "z": 1.2
    },
    "rotation": {
      "x": 0,
      "y": 0,
      "z": -1.5707963267948966
    },
    "scale": {
      "x": 0.045,
      "y": 0.045,
      "z": 0.045
    }
  },
  "Altoparlante_17": {
    "position": {
      "x": -0.55,
      "y": -1.2000000000000002,
      "z": 2
    },
    "rotation": {
      "x": 1.5707963267948963,
      "y": 0,
      "z": 0
    },
    "scale": {
      "x": 0.045,
      "y": 0.045,
      "z": 0.045
    }
  },
  "Altoparlante_18": {
    "position": {
      "x": 0.45,
      "y": -1.2000000000000002,
      "z": 2
    },
    "rotation": {
      "x": 1.5707963267948963,
      "y": 0,
      "z": 0
    },
    "scale": {
      "x": 0.045,
      "y": 0.045,
      "z": 0.045
    }
  },
  "Altoparlante_19": {
    "position": {
      "x": -0.55,
      "y": -0.2,
      "z": 2
    },
    "rotation": {
      "x": 1.5707963267948963,
      "y": 0,
      "z": 0
    },
    "scale": {
      "x": 0.045,
      "y": 0.045,
      "z": 0.045
    }
  },
  "Altoparlante_20": {
    "position": {
      "x": 0.45,
      "y": -0.2,
      "z": 2
    },
    "rotation": {
      "x": 1.5707963267948963,
      "y": 0,
      "z": 0
    },
    "scale": {
      "x": 0.045,
      "y": 0.045,
      "z": 0.045
    }
  },
  "Altoparlante_21": {
    "position": {
      "x": -0.55,
      "y": 0.8,
      "z": 2
    },
    "rotation": {
      "x": 1.5707963267948963,
      "y": 0,
      "z": 0
    },
    "scale": {
      "x": 0.045,
      "y": 0.045,
      "z": 0.045
    }
  },
  "Altoparlante_22": {
    "position": {
      "x": 0.45,
      "y": 0.8,
      "z": 2
    },
    "rotation": {
      "x": 1.5707963267948963,
      "y": 0,
      "z": 0
    },
    "scale": {
      "x": 0.045,
      "y": 0.045,
      "z": 0.045
    }
  },
  "Altoparlante_23": {
    "position": {
      "x": -0.6000000000000001,
      "y": 1.8,
      "z": 2
    },
    "rotation": {
      "x": 1.5707963267948963,
      "y": 0,
      "z": 0
    },
    "scale": {
      "x": 0.045,
      "y": 0.045,
      "z": 0.045
    }
  },
  "Altoparlante_24": {
    "position": {
      "x": 0.45,
      "y": 1.8,
      "z": 2
    },
    "rotation": {
      "x": 1.5707963267948963,
      "y": 0,
      "z": 0
    },
    "scale": {
      "x": 0.045,
      "y": 0.045,
      "z": 0.045
    }
  }
}
