{
	"Omnifonte_1" : 	{
		"angle" : -90.418209941497111,
		"distance" : 2.499023809410387,
		"position" : 		{
			"x" : -0.016,
			"y" : -2.192,
			"z" : 1.2
		}
,
		"rotation" : 		{
			"x" : 0,
			"y" : 0,
			"z" : 0
		}
,
		"scale" : 		{
			"x" : 0.25,
			"y" : 0.25,
			"z" : 0.24
		}

	}
,
	"Omnifonte_10" : 	{
		"angle" : -90.590657214646683,
		"distance" : 2.343959044010795,
		"position" : 		{
			"x" : -0.024,
			"y" : -2.328,
			"z" : -0.272
		}
,
		"rotation" : 		{
			"x" : 0,
			"y" : 0,
			"z" : 0
		}
,
		"scale" : 		{
			"x" : 0.25,
			"y" : 0.25,
			"z" : 0.24
		}

	}
,
	"Omnifonte_11" : 	{
		"angle" : -89.809014775640307,
		"distance" : 2.672646628344272,
		"position" : 		{
			"x" : 0.008,
			"y" : -2.4,
			"z" : 1.176
		}
,
		"rotation" : 		{
			"x" : 0,
			"y" : 0,
			"z" : 0
		}
,
		"scale" : 		{
			"x" : 0.25,
			"y" : 0.25,
			"z" : 0.24
		}

	}
,
	"Omnifonte_12" : 	{
		"angle" : 88.278513901849237,
		"distance" : 3.165584938048575,
		"position" : 		{
			"x" : 0.088,
			"y" : 2.928,
			"z" : 1.2
		}
,
		"rotation" : 		{
			"x" : 0,
			"y" : 0,
			"z" : 0
		}
,
		"scale" : 		{
			"x" : 0.25,
			"y" : 0.25,
			"z" : 0.24
		}

	}
,
	"Omnifonte_13" : 	{
		"angle" : -135,
		"distance" : 2.437211521390788,
		"position" : 		{
			"x" : -1.5,
			"y" : -1.5,
			"z" : 1.2
		}
,
		"rotation" : 		{
			"x" : 0,
			"y" : 0,
			"z" : 0
		}
,
		"scale" : 		{
			"x" : 0.25,
			"y" : 0.25,
			"z" : 0.24
		}

	}
,
	"Omnifonte_14" : 	{
		"angle" : -45,
		"distance" : 2.437211521390788,
		"position" : 		{
			"x" : 1.5,
			"y" : -1.5,
			"z" : 1.2
		}
,
		"rotation" : 		{
			"x" : 0,
			"y" : 0,
			"z" : 0
		}
,
		"scale" : 		{
			"x" : 0.25,
			"y" : 0.25,
			"z" : 0.24
		}

	}
,
	"Omnifonte_15" : 	{
		"angle" : 0,
		"distance" : 1.2,
		"position" : 		{
			"x" : 0,
			"y" : 0,
			"z" : 1.2
		}
,
		"rotation" : 		{
			"x" : 0,
			"y" : 0,
			"z" : 0
		}
,
		"scale" : 		{
			"x" : 0.25,
			"y" : 0.25,
			"z" : 0.24
		}

	}
,
	"Omnifonte_2" : 	{
		"angle" : -123.467272357869234,
		"distance" : 3.566690342600546,
		"position" : 		{
			"x" : -1.888,
			"y" : -2.856,
			"z" : 1
		}
,
		"rotation" : 		{
			"x" : 0,
			"y" : 0,
			"z" : 0
		}
,
		"scale" : 		{
			"x" : 0.25,
			"y" : 0.25,
			"z" : 0.24
		}

	}
,
	"Omnifonte_3" : 	{
		"angle" : -85.100907546212227,
		"distance" : 1.806388662497636,
		"position" : 		{
			"x" : 0.144,
			"y" : -1.68,
			"z" : 0.648
		}
,
		"rotation" : 		{
			"x" : 0,
			"y" : 0,
			"z" : 0
		}
,
		"scale" : 		{
			"x" : 0.25,
			"y" : 0.25,
			"z" : 0.24
		}

	}
,
	"Omnifonte_4" : 	{
		"angle" : -59.601272285833936,
		"distance" : 2.212878668160548,
		"position" : 		{
			"x" : 1.056,
			"y" : -1.8,
			"z" : 0.736
		}
,
		"rotation" : 		{
			"x" : 0,
			"y" : 0,
			"z" : 0
		}
,
		"scale" : 		{
			"x" : 0.25,
			"y" : 0.25,
			"z" : 0.24
		}

	}
,
	"Omnifonte_5" : 	{
		"angle" : -22.936519021641569,
		"distance" : 3.865498674168703,
		"position" : 		{
			"x" : 3.384,
			"y" : -1.432,
			"z" : 1.2
		}
,
		"rotation" : 		{
			"x" : 0,
			"y" : 0,
			"z" : 0
		}
,
		"scale" : 		{
			"x" : 0.25,
			"y" : 0.25,
			"z" : 0.24
		}

	}
,
	"Omnifonte_6" : 	{
		"angle" : -145.458180035395401,
		"distance" : 3.079376560279694,
		"position" : 		{
			"x" : -2.336,
			"y" : -1.608,
			"z" : 1.2
		}
,
		"rotation" : 		{
			"x" : 0,
			"y" : 0,
			"z" : 0
		}
,
		"scale" : 		{
			"x" : 0.25,
			"y" : 0.25,
			"z" : 0.24
		}

	}
,
	"Omnifonte_7" : 	{
		"angle" : -100.604933853171516,
		"distance" : 2.01188468854455,
		"position" : 		{
			"x" : -0.352,
			"y" : -1.88,
			"z" : 0.624
		}
,
		"rotation" : 		{
			"x" : 0,
			"y" : 0,
			"z" : 0
		}
,
		"scale" : 		{
			"x" : 0.25,
			"y" : 0.25,
			"z" : 0.24
		}

	}
,
	"Omnifonte_8" : 	{
		"angle" : -63.729526070589444,
		"distance" : 2.885383856612496,
		"position" : 		{
			"x" : 1.232,
			"y" : -2.496,
			"z" : 0.76
		}
,
		"rotation" : 		{
			"x" : 0,
			"y" : 0,
			"z" : 0
		}
,
		"scale" : 		{
			"x" : 0.25,
			"y" : 0.25,
			"z" : 0.24
		}

	}
,
	"Omnifonte_9" : 	{
		"angle" : -49.958450919485372,
		"distance" : 2.761379365462123,
		"position" : 		{
			"x" : 1.6,
			"y" : -1.904,
			"z" : 1.2
		}
,
		"rotation" : 		{
			"x" : 0,
			"y" : 0,
			"z" : 0
		}
,
		"scale" : 		{
			"x" : 0.25,
			"y" : 0.25,
			"z" : 0.24
		}

	}

}
